player1,player2,game_num,time_taken,moves,nbr_of_prior,per_of_hit,win_1,win_2,pieces_1,pieces_2
custom,asmodeus,0,183,325,366168,41154,1,0,11,8
custom,asmodeus,1,268,494,557842,41282,0,1,7,12
custom,asmodeus,2,195,368,406127,42597,0,1,6,12
custom,asmodeus,3,76,121,138433,38.97,1,0,29,22
custom,asmodeus,4,118,183,208459,40247,1,0,22,16
custom,asmodeus,5,164,309,344795,43111,1,0,13,7
custom,asmodeus,6,222,407,456892,42228,1,0,15,8
custom,asmodeus,7,623,823,931929,32.57,1,0,18,7
custom,asmodeus,8,219,371,415837,40219,1,0,15,7
custom,asmodeus,9,189,357,363708,41.81,1,0,8,7
custom,asmodeus,10,943,1500,1704740,32.61,0,0,18,21
custom,asmodeus,11,201,401,439814,44915,1,0,10,7
custom,asmodeus,12,292,497,554826,41124,1,0,10,6
custom,asmodeus,13,66,103,115881,36.15,1,0,28,27
custom,asmodeus,14,212,317,359328,37967,1,0,19,15
custom,asmodeus,15,114,274,217067,41505,0,1,10,19
custom,asmodeus,16,298,469,530655,37806,1,0,12,7
custom,asmodeus,17,154,209,238263,37824,1,0,22,14
custom,asmodeus,18,473,1500,1689424,64396,0,0,14,7
custom,asmodeus,19,229,440,426411,37862,0,1,4,12
custom,asmodeus,20,202,389,417909,42468,1,0,11,7
custom,asmodeus,21,227,420,412244,40417,0,1,6,10
custom,asmodeus,22,150,321,365240,43728,1,0,17,8
custom,asmodeus,23,162,286,318017,40138,0,1,13,14
custom,asmodeus,24,188,379,430671,43136,1,0,13,9
custom,asmodeus,25,281,562,629297,40194,0,1,6,8
custom,asmodeus,26,148,273,306283,41861,1,0,17,7
custom,asmodeus,27,163,315,354507,44011,1,0,10,7
custom,asmodeus,28,185,357,397277,43861,1,0,16,7
custom,asmodeus,29,220,389,436404,41.16,1,0,22,7
custom,asmodeus,30,193,335,373271,43084,1,0,11,6
custom,asmodeus,31,119,183,208715,39174,1,0,25,18
custom,asmodeus,32,201,345,388378,40963,1,0,15,6
custom,asmodeus,33,187,377,420418,44089,1,0,8,8
custom,asmodeus,34,137,219,247565,38867,1,0,17,18
custom,asmodeus,35,124,272,264230,42529,0,1,8,20
custom,asmodeus,36,138,208,234006,39881,0,1,20,21
custom,asmodeus,37,186,330,371043,40973,0,1,13,13
custom,asmodeus,38,150,320,313038,42447,0,1,4,11
custom,asmodeus,39,276,453,514364,41222,1,0,12,7
custom,asmodeus,40,97,137,156293,39938,1,0,28,21
custom,asmodeus,41,323,471,531627,36257,1,0,11,7
custom,asmodeus,42,240,407,461094,40149,1,0,7,6
custom,asmodeus,43,204,343,387932,42009,1,0,13,6
custom,asmodeus,44,202,356,399424,41092,0,1,10,9
custom,asmodeus,45,198,355,381023,42.43,1,0,13,7
custom,asmodeus,46,214,443,494124,43365,1,0,8,7
custom,asmodeus,47,166,272,306285,40605,0,1,22,19
custom,asmodeus,48,126,253,285396,44421,1,0,21,7
custom,asmodeus,49,220,333,376509,37613,1,0,20,11
custom,asmodeus,50,217,391,0,0,70,26,0,0
custom,hunter,0,539,848,950883,35968,0,1,8,25
custom,hunter,1,1274,1500,1706386,32643,0,0,33,27
custom,hunter,2,257,417,469110,37998,1,0,18,10
custom,hunter,3,904,1237,1396682,32826,1,0,17,9
custom,hunter,4,197,347,394626,39498,1,0,21,13
custom,hunter,5,1115,1500,1703487,31.98,0,0,22,14
custom,hunter,6,272,540,603555,42352,0,1,7,14
custom,hunter,7,671,1500,1703701,46727,0,0,11,20
custom,hunter,8,374,541,613492,37778,1,0,18,9
custom,hunter,9,476,911,939485,50115,1,0,7,8
custom,hunter,10,260,442,497924,37603,0,1,7,23
custom,hunter,11,948,1500,1705870,33766,0,0,31,33
custom,hunter,12,150,284,293353,40492,0,1,7,25
custom,hunter,13,369,655,710096,43997,1,0,8,4
custom,hunter,14,271,498,542263,41418,0,1,6,21
custom,hunter,15,280,466,526038,39403,0,1,8,27
custom,hunter,16,494,721,816594,37164,1,0,11,13
custom,hunter,17,796,1251,1420913,35649,1,0,22,14
custom,hunter,18,652,999,1129564,42149,1,0,18,9
custom,hunter,19,380,537,604737,38075,1,0,22,7
custom,hunter,20,296,599,656048,47796,1,0,13,7
custom,hunter,21,338,485,539151,38917,1,0,11,7
custom,hunter,22,237,341,386735,39774,1,0,18,9
custom,hunter,23,442,863,971319,41637,1,0,10,4
custom,hunter,24,219,462,508921,44558,0,1,7,22
custom,hunter,25,303,804,841558,54057,0,1,8,7
custom,hunter,26,525,1129,1273407,45936,1,0,12,11
custom,hunter,27,225,369,417924,38124,1,0,14,21
custom,hunter,28,513,1323,1464011,53387,1,0,11,7
custom,hunter,29,194,365,409694,40.71,1,0,10,20
custom,hunter,30,311,515,572378,39776,1,0,14,6
custom,hunter,31,150,253,284178,38666,1,0,26,21
custom,hunter,32,606,1012,1145486,37462,0,1,8,22
custom,hunter,33,410,722,817745,38723,0,1,7,16
custom,hunter,34,291,398,446996,38114,0,1,22,10
custom,hunter,35,342,571,634179,40101,1,0,13,4
custom,hunter,36,338,453,512343,36085,1,0,15,17
custom,hunter,37,226,414,462341,38879,0,1,7,18
custom,hunter,38,1110,1500,1703546,33231,0,0,11,15
custom,hunter,39,190,271,306278,38945,1,0,15,23
custom,hunter,40,225,372,395738,42557,0,1,7,23
custom,hunter,41,74,134,144430,42999,0,1,24,28
custom,hunter,42,448,567,640277,36492,1,0,15,6
custom,hunter,43,305,536,580264,42011,0,1,9,17
custom,hunter,44,234,438,466476,42875,0,1,7,27
custom,hunter,45,437,807,910679,43162,1,0,10,8
custom,hunter,46,275,454,463631,39.27,0,1,6,20
custom,hunter,47,322,489,553010,39371,1,0,13,10
custom,hunter,48,799,1052,1187442,32795,0,1,7,20
custom,hunter,49,255,475,534566,41946,1,0,15,7
custom,hunter,50,426,697,0,0,54,36,0,0
custom,rnad,0,150,257,290765,42455,1,0,32,7
custom,rnad,1,256,411,467452,40404,1,0,23,8
custom,rnad,2,300,489,548974,40718,1,0,22,7
custom,rnad,3,90,121,138517,38344,1,0,36,13
custom,rnad,4,300,435,487179,40658,1,0,16,5
custom,rnad,5,239,349,394658,42675,1,0,23,20
custom,rnad,6,410,620,681705,42392,0,1,15,10
custom,rnad,7,168,297,317923,44541,1,0,22,6
custom,rnad,8,347,610,665939,45087,0,1,16,7
custom,rnad,9,100,165,184370,44403,1,0,31,7
custom,rnad,10,143,217,243488,41.43,1,0,30,7
custom,rnad,11,530,821,931559,44387,1,0,16,7
custom,rnad,12,185,275,310321,41896,1,0,29,7
custom,rnad,13,170,243,276727,39625,1,0,25,16
custom,rnad,14,131,279,313529,51737,1,0,24,7
custom,rnad,15,302,453,506545,41251,1,0,23,3
custom,rnad,16,223,309,336581,39899,1,0,23,7
custom,rnad,17,200,309,347692,42465,1,0,24,8
custom,rnad,18,136,217,243729,41571,1,0,32,7
custom,rnad,19,279,559,626349,51617,1,0,26,7
custom,rnad,20,62,93,106642,39858,1,0,34,22
custom,rnad,21,266,419,474581,44544,1,0,23,7
custom,rnad,22,230,373,402751,41414,1,0,24,3
custom,rnad,23,170,293,330744,43306,1,0,23,7
custom,rnad,24,232,397,447233,46643,1,0,20,5
custom,rnad,25,105,151,172622,39779,1,0,32,11
custom,rnad,26,65,109,124697,43158,1,0,33,22
custom,rnad,27,229,391,437011,43969,1,0,30,6
custom,rnad,28,383,589,665949,43956,1,0,21,7
custom,rnad,29,100,173,188953,43825,1,0,32,7
custom,rnad,30,374,590,665984,46409,0,1,15,8
custom,rnad,31,438,737,822661,45475,1,0,23,6
custom,rnad,32,134,209,235148,41234,1,0,31,7
custom,rnad,33,370,537,611258,40638,1,0,23,8
custom,rnad,34,201,307,347796,42231,1,0,25,8
custom,rnad,35,324,497,561631,44464,1,0,18,7
custom,rnad,36,241,383,436225,43216,1,0,29,6
custom,rnad,37,220,341,382149,44424,1,0,26,7
custom,rnad,38,133,211,230711,41897,1,0,33,7
custom,rnad,39,313,507,565197,43216,1,0,24,3
custom,rnad,40,320,493,558078,42205,1,0,21,5
custom,rnad,41,94,145,165246,41565,1,0,31,17
custom,rnad,42,262,381,431640,42.04,1,0,27,8
custom,rnad,43,291,445,503976,45754,1,0,21,7
custom,rnad,44,492,757,860608,44764,1,0,22,7
custom,rnad,45,175,265,298284,43308,1,0,25,8
custom,rnad,46,340,457,516750,41033,1,0,25,6
custom,rnad,47,333,571,649114,48621,1,0,27,7
custom,rnad,48,214,341,344522,42541,1,0,24,7
custom,rnad,49,184,331,368682,43683,1,0,25,4
custom,rnad,50,239,378,0,0,94,6,0,0
custom,mcts,0,595,528,535364,59844,0,1,7,9
custom,mcts,1,600,407,435985,47258,1,0,14,4
custom,mcts,2,174,104,108249,40666,0,1,21,21
custom,mcts,3,610,399,441572,49236,1,0,13,7
custom,mcts,4,566,357,384852,42249,1,0,10,6
custom,mcts,5,610,393,442539,47597,1,0,14,7
custom,mcts,6,787,517,580525,52468,1,0,24,7
custom,mcts,7,744,489,552001,40301,1,0,10,12
custom,mcts,8,402,241,272406,42.56,1,0,22,9
custom,mcts,9,305,164,180366,40136,0,1,25,19
custom,mcts,10,603,383,434000,43026,1,0,16,7
custom,mcts,11,825,605,634926,54383,1,0,12,3
custom,mcts,12,634,377,423023,39918,1,0,17,8
custom,mcts,13,574,355,399706,42251,1,0,16,10
custom,mcts,14,615,409,458560,45162,1,0,14,8
custom,mcts,15,708,455,496530,46377,1,0,16,4
custom,mcts,16,533,333,373893,43052,1,0,22,7
custom,mcts,17,665,443,480213,46.72,1,0,14,7
custom,mcts,18,492,299,334662,44128,1,0,22,6
custom,mcts,19,577,367,406798,46.0,1,0,18,3
custom,mcts,20,602,391,444409,42548,1,0,22,9
custom,mcts,21,830,523,587180,44332,1,0,19,4
custom,mcts,22,522,357,405972,47326,1,0,13,7
custom,mcts,23,576,335,381265,39544,1,0,12,7
custom,mcts,24,587,379,429967,48011,1,0,24,7
custom,mcts,25,439,351,389351,46222,1,0,14,6
custom,mcts,26,191,138,154081,42228,0,1,24,26
custom,mcts,27,460,367,396610,41974,1,0,18,6
custom,mcts,28,1005,1500,1700963,72217,0,0,8,3
custom,mcts,29,640,613,681352,61607,1,0,12,5
custom,mcts,30,512,423,473282,48573,1,0,10,6
custom,mcts,31,453,337,371244,42.98,1,0,20,7
custom,mcts,32,1089,1023,1148104,61643,1,0,13,4
custom,mcts,33,468,321,363042,38115,1,0,18,10
custom,mcts,34,442,321,347907,43165,1,0,19,7
custom,mcts,35,483,335,361193,39105,1,0,19,4
custom,mcts,36,502,346,385837,40.9,0,1,19,13
custom,mcts,37,644,481,541866,44496,1,0,12,11
custom,mcts,38,446,308,344099,40.55,0,1,15,10
custom,mcts,39,737,605,675766,53066,1,0,14,4
custom,mcts,40,748,544,603605,40684,0,1,8,6
custom,mcts,41,703,515,584490,45319,1,0,21,7
custom,mcts,42,326,230,251000,39989,0,1,15,17
custom,mcts,43,509,327,370346,39.23,1,0,17,10
custom,mcts,44,494,385,428937,49482,1,0,14,3
custom,mcts,45,443,353,345247,42568,1,0,22,7
custom,mcts,46,353,285,320452,45.96,1,0,17,5
custom,mcts,47,620,514,579360,43946,0,1,6,10
custom,mcts,48,326,237,269400,41754,1,0,19,12
custom,mcts,49,603,453,507671,47584,1,0,16,9
custom,mcts,50,567,418,0,0,80,18,0,0
asmodeus,custom,0,153,273,286933,41438,1,0,14,13
asmodeus,custom,1,357,1500,1632025,67695,0,0,10,4
asmodeus,custom,2,215,409,459960,41157,1,0,12,5
asmodeus,custom,3,84,138,156687,40432,0,1,17,28
asmodeus,custom,4,162,330,373744,42098,0,1,9,15
asmodeus,custom,5,191,370,408659,43293,0,1,6,11
asmodeus,custom,6,260,476,532054,42901,0,1,8,7
asmodeus,custom,7,199,356,388689,40692,0,1,5,15
asmodeus,custom,8,211,410,455048,43103,0,1,6,8
asmodeus,custom,9,183,457,505172,50838,1,0,7,6
asmodeus,custom,10,209,401,433770,41987,1,0,7,5
asmodeus,custom,11,189,386,435756,44486,0,1,6,15
asmodeus,custom,12,506,784,879752,36.02,0,1,10,15
asmodeus,custom,13,296,523,556941,43522,1,0,10,3
asmodeus,custom,14,141,260,291551,42709,0,1,10,14
asmodeus,custom,15,304,570,630742,43064,0,1,7,4
asmodeus,custom,16,391,1500,1391590,63689,0,0,10,3
asmodeus,custom,17,218,338,380591,37785,0,1,9,16
asmodeus,custom,18,133,260,287349,45084,0,1,7,17
asmodeus,custom,19,77,142,158601,42507,0,1,25,22
asmodeus,custom,20,252,424,479225,41047,0,1,7,18
asmodeus,custom,21,231,535,587513,49495,1,0,8,3
asmodeus,custom,22,163,308,344742,41573,0,1,7,20
asmodeus,custom,23,221,362,405688,38369,0,1,9,13
asmodeus,custom,24,138,311,265449,42086,1,0,19,11
asmodeus,custom,25,187,382,418512,45.21,0,1,7,9
asmodeus,custom,26,291,1500,1259943,69724,0,0,9,4
asmodeus,custom,27,108,154,170918,38384,0,1,20,25
asmodeus,custom,28,221,421,467040,42475,1,0,11,4
asmodeus,custom,29,191,308,347344,41883,0,1,5,15
asmodeus,custom,30,458,706,797912,39915,0,1,6,8
asmodeus,custom,31,229,419,402915,41205,1,0,13,3
asmodeus,custom,32,112,160,180992,39409,0,1,22,27
asmodeus,custom,33,196,308,347049,38586,0,1,18,16
asmodeus,custom,34,370,685,750781,43503,1,0,8,4
asmodeus,custom,35,404,1500,1630902,69146,0,0,8,8
asmodeus,custom,36,176,294,332710,40789,0,1,8,20
asmodeus,custom,37,229,506,550661,47845,0,1,10,5
asmodeus,custom,38,194,403,417588,43005,1,0,13,4
asmodeus,custom,39,146,294,322500,46121,0,1,6,10
asmodeus,custom,40,741,1500,1701373,45.36,0,0,12,16
asmodeus,custom,41,550,781,827419,34854,1,0,10,6
asmodeus,custom,42,456,884,989266,44477,0,1,5,10
asmodeus,custom,43,159,264,294810,40691,0,1,7,15
asmodeus,custom,44,257,506,551978,47244,0,1,6,6
asmodeus,custom,45,243,531,564675,44949,1,0,15,4
asmodeus,custom,46,216,423,461110,44109,1,0,10,5
asmodeus,custom,47,97,168,187501,41441,0,1,20,20
asmodeus,custom,48,336,760,846790,54948,0,1,5,7
asmodeus,custom,49,193,306,340899,41.09,0,1,8,11
asmodeus,custom,50,244,519,0,0,28,62,0,0
asmodeus,hunter,0,9,298,0,0,0,1,7,27
asmodeus,hunter,1,12,422,0,0,0,1,7,13
asmodeus,hunter,2,12,360,0,0,0,1,7,15
asmodeus,hunter,3,34,1500,0,0,0,0,28,30
asmodeus,hunter,4,46,1500,0,0,0,0,10,21
asmodeus,hunter,5,15,577,0,0,1,0,10,5
asmodeus,hunter,6,4,180,0,0,0,1,15,30
asmodeus,hunter,7,4,258,0,0,0,1,9,24
asmodeus,hunter,8,15,577,0,0,1,0,10,5
asmodeus,hunter,9,74,1500,0,0,0,0,21,28
asmodeus,hunter,10,10,354,0,0,0,1,7,21
asmodeus,hunter,11,12,453,0,0,1,0,11,7
asmodeus,hunter,12,34,1500,0,0,0,0,28,30
asmodeus,hunter,13,10,372,0,0,0,1,7,21
asmodeus,hunter,14,14,491,0,0,1,0,11,3
asmodeus,hunter,15,12,360,0,0,0,1,7,15
asmodeus,hunter,16,8,342,0,0,0,1,6,16
asmodeus,hunter,17,7,324,0,0,0,1,7,15
asmodeus,hunter,18,8,300,0,0,0,1,8,25
asmodeus,hunter,19,15,551,0,0,1,0,7,5
asmodeus,hunter,20,34,1500,0,0,0,0,27,25
asmodeus,hunter,21,9,298,0,0,0,1,7,27
asmodeus,hunter,22,8,356,0,0,0,1,5,20
asmodeus,hunter,23,49,1500,0,0,0,0,14,29
asmodeus,hunter,24,34,1500,0,0,0,0,27,25
asmodeus,hunter,25,6,217,0,0,1,0,12,21
asmodeus,hunter,26,39,1500,0,0,0,0,10,8
asmodeus,hunter,27,11,358,0,0,0,1,7,19
asmodeus,hunter,28,75,1500,0,0,0,0,19,20
asmodeus,hunter,29,29,1500,0,0,0,0,7,10
asmodeus,hunter,30,13,533,0,0,1,0,8,4
asmodeus,hunter,31,6,261,0,0,1,0,20,20
asmodeus,hunter,32,8,356,0,0,0,1,5,20
asmodeus,hunter,33,47,1500,0,0,0,0,10,21
asmodeus,hunter,34,8,356,0,0,0,1,5,20
asmodeus,hunter,35,15,551,0,0,1,0,7,5
asmodeus,hunter,36,29,1500,0,0,0,0,7,10
asmodeus,hunter,37,7,324,0,0,0,1,7,15
asmodeus,hunter,38,10,365,0,0,1,0,14,11
asmodeus,hunter,39,10,372,0,0,0,1,7,21
asmodeus,hunter,40,57,1500,0,0,0,0,17,21
asmodeus,hunter,41,2,142,0,0,0,1,21,27
asmodeus,hunter,42,4,276,0,0,0,1,8,24
asmodeus,hunter,43,12,402,0,0,0,1,8,15
asmodeus,hunter,44,5,270,0,0,0,1,7,27
asmodeus,hunter,45,6,333,0,0,1,0,9,17
asmodeus,hunter,46,11,339,0,0,1,0,16,12
asmodeus,hunter,47,15,551,0,0,1,0,7,5
asmodeus,hunter,48,10,372,0,0,0,1,7,21
asmodeus,hunter,49,7,248,0,0,0,1,8,23
asmodeus,hunter,50,18,659,0,0,26,48,0,0
asmodeus,rnad,0,3,203,0,0,1,0,26,10
asmodeus,rnad,1,5,389,0,0,1,0,15,5
asmodeus,rnad,2,5,377,0,0,1,0,13,2
asmodeus,rnad,3,6,317,0,0,1,0,19,4
asmodeus,rnad,4,8,583,0,0,1,0,12,3
asmodeus,rnad,5,8,359,0,0,1,0,18,2
asmodeus,rnad,6,6,369,0,0,1,0,21,6
asmodeus,rnad,7,3,327,0,0,1,0,21,4
asmodeus,rnad,8,8,369,0,0,1,0,16,3
asmodeus,rnad,9,6,331,0,0,1,0,17,5
asmodeus,rnad,10,3,239,0,0,1,0,21,11
asmodeus,rnad,11,3,233,0,0,1,0,25,6
asmodeus,rnad,12,5,357,0,0,1,0,15,3
asmodeus,rnad,13,5,309,0,0,1,0,22,5
asmodeus,rnad,14,7,337,0,0,1,0,20,5
asmodeus,rnad,15,7,443,0,0,1,0,13,3
asmodeus,rnad,16,6,299,0,0,1,0,18,6
asmodeus,rnad,17,7,389,0,0,1,0,18,3
asmodeus,rnad,18,5,349,0,0,1,0,22,4
asmodeus,rnad,19,6,315,0,0,1,0,21,5
asmodeus,rnad,20,5,319,0,0,1,0,22,4
asmodeus,rnad,21,7,349,0,0,1,0,18,4
asmodeus,rnad,22,7,429,0,0,1,0,15,3
asmodeus,rnad,23,9,437,0,0,1,0,16,4
asmodeus,rnad,24,6,405,0,0,1,0,17,2
asmodeus,rnad,25,5,365,0,0,1,0,18,2
asmodeus,rnad,26,2,181,0,0,1,0,27,9
asmodeus,rnad,27,6,361,0,0,1,0,16,3
asmodeus,rnad,28,4,353,0,0,1,0,21,4
asmodeus,rnad,29,6,329,0,0,1,0,19,4
asmodeus,rnad,30,6,313,0,0,1,0,19,3
asmodeus,rnad,31,5,311,0,0,1,0,18,5
asmodeus,rnad,32,5,369,0,0,1,0,19,4
asmodeus,rnad,33,15,619,0,0,1,0,12,2
asmodeus,rnad,34,7,369,0,0,1,0,19,6
asmodeus,rnad,35,6,419,0,0,1,0,11,2
asmodeus,rnad,36,9,505,0,0,1,0,19,3
asmodeus,rnad,37,4,379,0,0,1,0,16,4
asmodeus,rnad,38,6,339,0,0,1,0,18,3
asmodeus,rnad,39,4,329,0,0,1,0,22,6
asmodeus,rnad,40,4,184,0,0,0,1,24,15
asmodeus,rnad,41,3,301,0,0,1,0,21,5
asmodeus,rnad,42,7,371,0,0,1,0,17,3
asmodeus,rnad,43,5,451,0,0,1,0,20,1
asmodeus,rnad,44,6,321,0,0,1,0,21,4
asmodeus,rnad,45,4,351,0,0,1,0,16,4
asmodeus,rnad,46,6,337,0,0,1,0,16,4
asmodeus,rnad,47,2,173,0,0,1,0,28,14
asmodeus,rnad,48,7,401,0,0,1,0,13,2
asmodeus,rnad,49,5,309,0,0,1,0,20,4
asmodeus,rnad,50,5,351,0,0,98,2,0,0
asmodeus,mcts,0,489,532,0,0,0,1,6,6
asmodeus,mcts,1,408,439,0,0,1,0,10,6
asmodeus,mcts,2,405,445,0,0,1,0,11,6
asmodeus,mcts,3,326,328,0,0,0,1,11,9
asmodeus,mcts,4,595,706,0,0,0,1,6,7
asmodeus,mcts,5,429,459,0,0,1,0,8,7
asmodeus,mcts,6,431,475,0,0,1,0,12,4
asmodeus,mcts,7,419,458,0,0,0,1,3,9
asmodeus,mcts,8,279,299,0,0,1,0,16,5
asmodeus,mcts,9,476,539,0,0,1,0,10,5
asmodeus,mcts,10,184,179,0,0,1,0,18,17
asmodeus,mcts,11,205,207,0,0,1,0,18,12
asmodeus,mcts,12,402,444,0,0,0,1,9,5
asmodeus,mcts,13,376,434,0,0,0,1,7,6
asmodeus,mcts,14,236,233,0,0,1,0,17,13
asmodeus,mcts,15,358,396,0,0,0,1,7,9
asmodeus,mcts,16,356,392,0,0,0,1,6,9
asmodeus,mcts,17,370,400,0,0,0,1,7,12
asmodeus,mcts,18,281,287,0,0,1,0,15,7
asmodeus,mcts,19,336,368,0,0,0,1,6,10
asmodeus,mcts,20,345,369,0,0,1,0,11,9
asmodeus,mcts,21,379,436,0,0,0,1,6,7
asmodeus,mcts,22,342,367,0,0,1,0,9,5
asmodeus,mcts,23,386,458,0,0,0,1,7,5
asmodeus,mcts,24,422,480,0,0,0,1,4,8
asmodeus,mcts,25,433,505,0,0,1,0,7,6
asmodeus,mcts,26,357,388,0,0,0,1,6,5
asmodeus,mcts,27,342,369,0,0,1,0,13,4
asmodeus,mcts,28,341,372,0,0,0,1,7,11
asmodeus,mcts,29,889,1114,0,0,0,1,4,8
asmodeus,mcts,30,266,267,0,0,1,0,15,8
asmodeus,mcts,31,322,347,0,0,1,0,13,6
asmodeus,mcts,32,421,476,0,0,0,1,7,6
asmodeus,mcts,33,1134,1500,0,0,0,0,9,5
asmodeus,mcts,34,384,445,0,0,1,0,8,1
asmodeus,mcts,35,1242,1500,0,0,0,0,15,8
asmodeus,mcts,36,326,346,0,0,0,1,7,6
asmodeus,mcts,37,232,256,0,0,0,1,7,11
asmodeus,mcts,38,123,112,0,0,0,1,24,25
asmodeus,mcts,39,234,232,0,0,0,1,9,18
asmodeus,mcts,40,269,264,0,0,0,1,13,18
asmodeus,mcts,41,393,451,0,0,1,0,9,2
asmodeus,mcts,42,324,342,0,0,0,1,7,16
asmodeus,mcts,43,895,1500,0,0,0,0,11,5
asmodeus,mcts,44,236,246,0,0,0,1,7,14
asmodeus,mcts,45,333,368,0,0,0,1,6,7
asmodeus,mcts,46,313,310,0,0,0,1,13,13
asmodeus,mcts,47,291,302,0,0,0,1,7,12
asmodeus,mcts,48,237,248,0,0,0,1,7,15
asmodeus,mcts,49,335,342,0,0,0,1,12,12
asmodeus,mcts,50,398,454,0,0,36,57,0,0
hunter,custom,0,240,376,423162,41436,0,1,14,15
hunter,custom,1,276,498,551358,43157,0,1,7,16
hunter,custom,2,346,625,686324,42202,1,0,26,7
hunter,custom,3,457,710,770481,40354,0,1,1,16
hunter,custom,4,1042,1443,1625019,33895,1,0,15,7
hunter,custom,5,309,461,493148,38881,1,0,20,7
hunter,custom,6,396,694,785947,45541,0,1,7,17
hunter,custom,7,933,1500,1702294,36999,0,0,15,13
hunter,custom,8,245,459,473848,41422,1,0,25,9
hunter,custom,9,238,413,440353,41.95,1,0,21,8
hunter,custom,10,200,330,367176,40602,0,1,7,20
hunter,custom,11,425,861,912310,41001,1,0,18,7
hunter,custom,12,460,995,1032348,51552,1,0,6,6
hunter,custom,13,350,773,843556,49559,1,0,7,7
hunter,custom,14,448,728,821375,41265,0,1,5,13
hunter,custom,15,419,1146,1294259,61428,0,1,7,16
hunter,custom,16,282,406,457983,39145,0,1,12,27
hunter,custom,17,214,374,414386,41853,0,1,8,15
hunter,custom,18,343,553,607455,36733,1,0,27,7
hunter,custom,19,391,570,634048,38.43,0,1,6,17
hunter,custom,20,238,583,515530,45193,1,0,16,5
hunter,custom,21,203,333,359141,40692,1,0,20,7
hunter,custom,22,338,649,709852,44817,1,0,24,6
hunter,custom,23,329,524,588541,39137,0,1,3,12
hunter,custom,24,234,368,415714,38318,0,1,19,15
hunter,custom,25,401,734,819824,48.38,0,1,4,15
hunter,custom,26,211,364,369439,37274,0,1,17,11
hunter,custom,27,98,152,168045,37371,0,1,26,20
hunter,custom,28,850,1500,1691342,38593,0,0,15,15
hunter,custom,29,272,431,467914,39783,1,0,14,8
hunter,custom,30,243,415,424983,41048,1,0,14,8
hunter,custom,31,406,606,685492,37504,0,1,8,12
hunter,custom,32,681,1312,1420663,39645,0,1,8,8
hunter,custom,33,325,954,1061389,62364,0,1,6,8
hunter,custom,34,371,896,1001301,60006,0,1,1,12
hunter,custom,35,371,536,605556,38757,0,1,8,9
hunter,custom,36,254,437,481550,42569,1,0,24,7
hunter,custom,37,385,1062,1109682,57123,0,1,6,9
hunter,custom,38,392,634,713784,41555,0,1,5,16
hunter,custom,39,312,516,568469,43715,0,1,7,9
hunter,custom,40,317,647,600767,41293,1,0,26,7
hunter,custom,41,405,624,697967,38329,0,1,8,9
hunter,custom,42,462,700,769669,39818,0,1,15,10
hunter,custom,43,618,951,1062917,36118,1,0,27,7
hunter,custom,44,408,1453,1537812,68865,1,0,9,7
hunter,custom,45,736,1098,1243406,42247,0,1,6,16
hunter,custom,46,549,818,921436,34274,0,1,18,14
hunter,custom,47,322,530,595201,43411,0,1,9,15
hunter,custom,48,268,495,494880,42158,1,0,20,5
hunter,custom,49,663,1027,1151268,37807,1,0,11,8
hunter,custom,50,393,705,0,0,40,56,0,0
hunter,asmodeus,0,57,1500,0,0,0,0,23,10
hunter,asmodeus,1,3,172,0,0,0,1,25,18
hunter,asmodeus,2,1,98,0,0,0,1,26,26
hunter,asmodeus,3,18,496,0,0,0,1,3,12
hunter,asmodeus,4,9,294,0,0,0,1,15,15
hunter,asmodeus,5,4,194,0,0,0,1,20,20
hunter,asmodeus,6,5,209,0,0,1,0,29,7
hunter,asmodeus,7,12,364,0,0,0,1,11,14
hunter,asmodeus,8,8,318,0,0,0,1,18,16
hunter,asmodeus,9,8,350,0,0,0,1,15,18
hunter,asmodeus,10,12,361,0,0,1,0,18,7
hunter,asmodeus,11,14,477,0,0,1,0,13,7
hunter,asmodeus,12,13,405,0,0,1,0,9,7
hunter,asmodeus,13,14,514,0,0,0,1,1,8
hunter,asmodeus,14,64,1500,0,0,0,0,24,24
hunter,asmodeus,15,2,130,0,0,0,1,27,26
hunter,asmodeus,16,3,162,0,0,0,1,21,20
hunter,asmodeus,17,64,1500,0,0,0,0,24,24
hunter,asmodeus,18,50,1500,0,0,0,0,13,12
hunter,asmodeus,19,10,337,0,0,1,0,19,6
hunter,asmodeus,20,8,350,0,0,0,1,15,18
hunter,asmodeus,21,14,387,0,0,1,0,15,7
hunter,asmodeus,22,59,1500,0,0,0,0,24,15
hunter,asmodeus,23,11,335,0,0,1,0,18,7
hunter,asmodeus,24,13,387,0,0,1,0,15,7
hunter,asmodeus,25,1,102,0,0,0,1,22,30
hunter,asmodeus,26,5,261,0,0,1,0,28,7
hunter,asmodeus,27,15,390,0,0,0,1,9,15
hunter,asmodeus,28,5,222,0,0,0,1,22,21
hunter,asmodeus,29,58,1500,0,0,0,0,24,15
hunter,asmodeus,30,2,116,0,0,0,1,27,26
hunter,asmodeus,31,13,362,0,0,0,1,7,14
hunter,asmodeus,32,17,476,0,0,0,1,2,13
hunter,asmodeus,33,18,490,0,0,0,1,10,10
hunter,asmodeus,34,6,328,0,0,0,1,19,8
hunter,asmodeus,35,6,212,0,0,0,1,20,23
hunter,asmodeus,36,15,500,0,0,0,1,1,11
hunter,asmodeus,37,1,102,0,0,0,1,22,30
hunter,asmodeus,38,3,172,0,0,0,1,25,18
hunter,asmodeus,39,9,343,0,0,1,0,21,8
hunter,asmodeus,40,13,387,0,0,1,0,15,7
hunter,asmodeus,41,57,1500,0,0,0,0,21,16
hunter,asmodeus,42,1,102,0,0,0,1,22,30
hunter,asmodeus,43,5,246,0,0,0,1,18,13
hunter,asmodeus,44,7,405,0,0,1,0,14,8
hunter,asmodeus,45,5,246,0,0,0,1,18,13
hunter,asmodeus,46,8,350,0,0,0,1,15,18
hunter,asmodeus,47,5,222,0,0,0,1,22,21
hunter,asmodeus,48,12,343,0,0,1,0,17,6
hunter,asmodeus,49,36,1500,0,0,0,0,29,24
hunter,asmodeus,50,16,494,0,0,26,57,0,0
hunter,rnad,0,9,453,0,0,1,0,28,7
hunter,rnad,1,22,1193,0,0,1,0,22,7
hunter,rnad,2,6,329,0,0,1,0,31,7
hunter,rnad,3,4,277,0,0,1,0,34,8
hunter,rnad,4,5,385,0,0,1,0,28,8
hunter,rnad,5,6,325,0,0,1,0,30,7
hunter,rnad,6,4,275,0,0,1,0,34,7
hunter,rnad,7,11,863,0,0,1,0,29,4
hunter,rnad,8,12,727,0,0,1,0,25,7
hunter,rnad,9,5,243,0,0,1,0,31,7
hunter,rnad,10,6,363,0,0,1,0,30,7
hunter,rnad,11,11,471,0,0,1,0,24,5
hunter,rnad,12,5,319,0,0,1,0,29,5
hunter,rnad,13,10,445,0,0,1,0,26,7
hunter,rnad,14,5,341,0,0,1,0,31,7
hunter,rnad,15,5,335,0,0,1,0,32,7
hunter,rnad,16,2,137,0,0,1,0,35,7
hunter,rnad,17,10,619,0,0,1,0,29,8
hunter,rnad,18,7,321,0,0,1,0,27,7
hunter,rnad,19,4,211,0,0,1,0,31,7
hunter,rnad,20,8,557,0,0,1,0,24,6
hunter,rnad,21,6,331,0,0,1,0,27,7
hunter,rnad,22,7,393,0,0,1,0,30,7
hunter,rnad,23,10,631,0,0,1,0,26,7
hunter,rnad,24,10,631,0,0,1,0,29,8
hunter,rnad,25,7,433,0,0,1,0,30,6
hunter,rnad,26,19,799,0,0,1,0,25,7
hunter,rnad,27,2,214,0,0,0,1,30,15
hunter,rnad,28,1,131,0,0,1,0,33,9
hunter,rnad,29,5,285,0,0,1,0,30,7
hunter,rnad,30,2,159,0,0,1,0,32,9
hunter,rnad,31,6,335,0,0,1,0,29,6
hunter,rnad,32,5,427,0,0,1,0,32,7
hunter,rnad,33,5,339,0,0,1,0,31,7
hunter,rnad,34,3,185,0,0,1,0,34,7
hunter,rnad,35,22,1075,0,0,1,0,19,3
hunter,rnad,36,6,319,0,0,1,0,32,7
hunter,rnad,37,3,221,0,0,1,0,33,8
hunter,rnad,38,5,349,0,0,1,0,28,6
hunter,rnad,39,4,279,0,0,1,0,33,7
hunter,rnad,40,5,237,0,0,1,0,27,7
hunter,rnad,41,3,231,0,0,1,0,30,9
hunter,rnad,42,2,145,0,0,1,0,35,7
hunter,rnad,43,9,509,0,0,1,0,26,5
hunter,rnad,44,4,249,0,0,1,0,30,7
hunter,rnad,45,14,615,0,0,1,0,20,7
hunter,rnad,46,5,335,0,0,1,0,25,5
hunter,rnad,47,6,325,0,0,1,0,26,5
hunter,rnad,48,6,351,0,0,1,0,28,7
hunter,rnad,49,7,387,0,0,1,0,23,7
hunter,rnad,50,6,402,0,0,98,2,0,0
hunter,mcts,0,237,245,0,0,1,0,23,8
hunter,mcts,1,1238,1500,0,0,0,0,13,7
hunter,mcts,2,229,210,0,0,0,1,25,13
hunter,mcts,3,273,267,0,0,1,0,26,7
hunter,mcts,4,141,128,0,0,0,1,27,20
hunter,mcts,5,1134,1500,0,0,0,0,21,8
hunter,mcts,6,1361,1500,0,0,0,0,25,8
hunter,mcts,7,519,555,0,0,1,0,13,7
hunter,mcts,8,1294,1500,0,0,0,0,20,7
hunter,mcts,9,177,160,0,0,0,1,24,21
hunter,mcts,10,1341,1500,0,0,0,0,22,8
hunter,mcts,11,455,448,0,0,0,1,21,11
hunter,mcts,12,264,255,0,0,1,0,31,8
hunter,mcts,13,236,237,0,0,1,0,29,6
hunter,mcts,14,280,267,0,0,1,0,30,7
hunter,mcts,15,332,328,0,0,0,1,22,9
hunter,mcts,16,229,225,0,0,1,0,26,7
hunter,mcts,17,321,308,0,0,0,1,19,12
hunter,mcts,18,318,319,0,0,1,0,26,6
hunter,mcts,19,253,255,0,0,1,0,25,7
hunter,mcts,20,477,466,0,0,0,1,11,14
hunter,mcts,21,1371,1500,0,0,0,0,22,7
hunter,mcts,22,282,291,0,0,1,0,15,7
hunter,mcts,23,1379,1500,0,0,0,0,22,6
hunter,mcts,24,275,299,0,0,1,0,23,7
hunter,mcts,25,314,302,0,0,0,1,22,12
hunter,mcts,26,312,323,0,0,1,0,19,9
hunter,mcts,27,445,455,0,0,1,0,26,7
hunter,mcts,28,560,609,0,0,1,0,17,7
hunter,mcts,29,954,1227,0,0,1,0,18,6
hunter,mcts,30,256,246,0,0,0,1,23,11
hunter,mcts,31,272,269,0,0,1,0,28,8
hunter,mcts,32,381,379,0,0,1,0,26,7
hunter,mcts,33,281,275,0,0,1,0,24,7
hunter,mcts,34,275,263,0,0,1,0,26,7
hunter,mcts,35,302,310,0,0,0,1,10,12
hunter,mcts,36,398,431,0,0,1,0,18,7
hunter,mcts,37,288,303,0,0,1,0,28,8
hunter,mcts,38,214,219,0,0,1,0,25,9
hunter,mcts,39,372,385,0,0,1,0,15,7
hunter,mcts,40,605,622,0,0,0,1,12,13
hunter,mcts,41,167,163,0,0,1,0,29,9
hunter,mcts,42,221,229,0,0,1,0,22,7
hunter,mcts,43,193,176,0,0,0,1,21,25
hunter,mcts,44,390,381,0,0,1,0,23,7
hunter,mcts,45,391,439,0,0,1,0,22,7
hunter,mcts,46,247,251,0,0,1,0,23,9
hunter,mcts,47,282,297,0,0,1,0,20,9
hunter,mcts,48,328,333,0,0,1,0,23,7
hunter,mcts,49,1177,1500,0,0,0,0,19,8
hunter,mcts,50,480,523,0,0,60,24,0,0
rnad,custom,0,197,366,404785,45097,0,1,6,22
rnad,custom,1,205,366,406821,45171,0,1,7,21
rnad,custom,2,94,160,165471,41.65,0,1,6,29
rnad,custom,3,276,398,448471,40503,0,1,10,28
rnad,custom,4,261,442,496362,42.37,0,1,6,20
rnad,custom,5,206,348,386632,43432,0,1,5,22
rnad,custom,6,358,610,688757,47005,0,1,6,27
rnad,custom,7,232,348,394783,41194,0,1,8,26
rnad,custom,8,226,366,398638,44201,0,1,4,24
rnad,custom,9,126,206,228748,43.87,0,1,7,29
rnad,custom,10,229,372,411383,45645,0,1,7,34
rnad,custom,11,253,420,473715,43856,0,1,6,17
rnad,custom,12,271,436,477027,42874,0,1,3,23
rnad,custom,13,163,248,276733,39427,0,1,9,29
rnad,custom,14,270,456,509657,43294,0,1,3,19
rnad,custom,15,431,696,786832,44693,0,1,5,24
rnad,custom,16,287,414,470563,41455,0,1,7,21
rnad,custom,17,150,256,288112,43.48,0,1,6,27
rnad,custom,18,152,266,298239,43234,0,1,7,27
rnad,custom,19,339,434,485222,37712,0,1,7,26
rnad,custom,20,433,1144,1295853,60931,0,1,7,19
rnad,custom,21,165,268,297904,41199,0,1,13,33
rnad,custom,22,250,338,379537,37484,0,1,12,22
rnad,custom,23,210,340,381962,45262,0,1,7,25
rnad,custom,24,219,342,386069,42644,0,1,7,23
rnad,custom,25,157,262,294632,42702,0,1,7,29
rnad,custom,26,146,244,272899,42478,0,1,7,25
rnad,custom,27,357,582,654832,43.24,0,1,7,20
rnad,custom,28,222,362,409174,43597,0,1,8,25
rnad,custom,29,145,230,253107,41454,0,1,8,23
rnad,custom,30,180,310,351955,42114,0,1,9,30
rnad,custom,31,326,510,575253,42196,0,1,3,23
rnad,custom,32,228,444,498172,47.47,0,1,6,21
rnad,custom,33,176,304,334747,43025,0,1,6,22
rnad,custom,34,250,408,453311,45223,0,1,7,27
rnad,custom,35,339,544,606798,41231,0,1,1,14
rnad,custom,36,254,382,430274,46479,0,1,8,29
rnad,custom,37,304,462,514693,41316,0,1,5,25
rnad,custom,38,287,456,504461,42676,0,1,4,24
rnad,custom,39,575,924,1037505,41677,0,1,6,10
rnad,custom,40,274,384,433842,39746,0,1,8,24
rnad,custom,41,356,506,575535,40907,0,1,7,25
rnad,custom,42,161,282,310587,45801,0,1,7,27
rnad,custom,43,121,204,229449,41607,0,1,9,28
rnad,custom,44,240,476,538354,50216,0,1,7,29
rnad,custom,45,378,524,591936,38777,0,1,11,19
rnad,custom,46,160,262,295260,41763,0,1,7,29
rnad,custom,47,318,548,615551,44022,0,1,5,19
rnad,custom,48,220,351,393177,42995,1,0,8,23
rnad,custom,49,299,486,530477,42806,0,1,3,19
rnad,custom,50,249,409,0,0,2,98,0,0
rnad,asmodeus,0,4,294,0,0,0,1,6,24
rnad,asmodeus,1,5,336,0,0,0,1,3,20
rnad,asmodeus,2,5,358,0,0,0,1,4,19
rnad,asmodeus,3,6,298,0,0,0,1,4,22
rnad,asmodeus,4,3,218,0,0,0,1,15,22
rnad,asmodeus,5,5,314,0,0,0,1,5,20
rnad,asmodeus,6,4,358,0,0,0,1,6,16
rnad,asmodeus,7,7,392,0,0,0,1,2,15
rnad,asmodeus,8,1,154,0,0,0,1,15,29
rnad,asmodeus,9,6,364,0,0,0,1,6,18
rnad,asmodeus,10,8,410,0,0,0,1,2,16
rnad,asmodeus,11,8,448,0,0,0,1,3,15
rnad,asmodeus,12,1,100,0,0,0,1,20,31
rnad,asmodeus,13,4,280,0,0,0,1,3,22
rnad,asmodeus,14,7,346,0,0,0,1,6,21
rnad,asmodeus,15,6,332,0,0,0,1,6,20
rnad,asmodeus,16,6,366,0,0,0,1,3,19
rnad,asmodeus,17,4,248,0,0,0,1,4,23
rnad,asmodeus,18,5,450,0,0,0,1,5,10
rnad,asmodeus,19,7,364,0,0,0,1,5,18
rnad,asmodeus,20,6,468,0,0,0,1,2,13
rnad,asmodeus,21,8,420,0,0,0,1,1,15
rnad,asmodeus,22,7,408,0,0,0,1,4,18
rnad,asmodeus,23,1,144,0,0,0,1,21,29
rnad,asmodeus,24,6,440,0,0,0,1,3,10
rnad,asmodeus,25,8,440,0,0,0,1,1,15
rnad,asmodeus,26,5,324,0,0,0,1,5,20
rnad,asmodeus,27,7,326,0,0,0,1,5,18
rnad,asmodeus,28,8,416,0,0,0,1,4,12
rnad,asmodeus,29,0,20,0,0,0,1,33,37
rnad,asmodeus,30,4,266,0,0,0,1,11,21
rnad,asmodeus,31,0,50,0,0,0,1,26,35
rnad,asmodeus,32,7,372,0,0,0,1,2,17
rnad,asmodeus,33,4,344,0,0,0,1,9,13
rnad,asmodeus,34,5,288,0,0,0,1,5,20
rnad,asmodeus,35,7,378,0,0,0,1,3,16
rnad,asmodeus,36,7,438,0,0,0,1,2,14
rnad,asmodeus,37,4,288,0,0,0,1,7,21
rnad,asmodeus,38,7,478,0,0,0,1,2,19
rnad,asmodeus,39,9,456,0,0,0,1,3,15
rnad,asmodeus,40,6,392,0,0,0,1,4,13
rnad,asmodeus,41,5,276,0,0,0,1,4,23
rnad,asmodeus,42,5,334,0,0,0,1,5,16
rnad,asmodeus,43,5,310,0,0,0,1,3,20
rnad,asmodeus,44,8,440,0,0,0,1,4,18
rnad,asmodeus,45,3,282,0,0,0,1,5,21
rnad,asmodeus,46,5,304,0,0,0,1,6,19
rnad,asmodeus,47,6,406,0,0,0,1,2,19
rnad,asmodeus,48,4,276,0,0,0,1,5,23
rnad,asmodeus,49,5,270,0,0,0,1,5,23
rnad,asmodeus,50,5,329,0,0,0,100,0,0
rnad,hunter,0,9,468,0,0,0,1,7,28
rnad,hunter,1,5,302,0,0,0,1,7,30
rnad,hunter,2,6,324,0,0,0,1,7,28
rnad,hunter,3,6,304,0,0,0,1,7,29
rnad,hunter,4,12,552,0,0,0,1,7,26
rnad,hunter,5,11,684,0,0,0,1,6,28
rnad,hunter,6,9,522,0,0,0,1,8,26
rnad,hunter,7,4,350,0,0,0,1,7,23
rnad,hunter,8,5,264,0,0,0,1,7,31
rnad,hunter,9,7,432,0,0,0,1,7,33
rnad,hunter,10,2,146,0,0,0,1,7,36
rnad,hunter,11,3,180,0,0,0,1,7,32
rnad,hunter,12,5,264,0,0,0,1,7,30
rnad,hunter,13,3,192,0,0,0,1,7,32
rnad,hunter,14,10,560,0,0,0,1,7,24
rnad,hunter,15,11,570,0,0,0,1,7,29
rnad,hunter,16,2,164,0,0,0,1,9,31
rnad,hunter,17,16,750,0,0,0,1,7,28
rnad,hunter,18,3,230,0,0,0,1,7,34
rnad,hunter,19,7,373,0,0,1,0,8,26
rnad,hunter,20,6,380,0,0,0,1,6,28
rnad,hunter,21,6,482,0,0,0,1,5,26
rnad,hunter,22,3,226,0,0,0,1,7,31
rnad,hunter,23,7,612,0,0,0,1,9,27
rnad,hunter,24,3,204,0,0,0,1,7,31
rnad,hunter,25,5,252,0,0,0,1,7,28
rnad,hunter,26,3,178,0,0,0,1,7,37
rnad,hunter,27,3,182,0,0,0,1,8,34
rnad,hunter,28,4,387,0,0,1,0,8,27
rnad,hunter,29,4,318,0,0,0,1,7,31
rnad,hunter,30,6,296,0,0,0,1,7,28
rnad,hunter,31,3,210,0,0,0,1,7,32
rnad,hunter,32,4,206,0,0,0,1,7,33
rnad,hunter,33,5,304,0,0,0,1,7,31
rnad,hunter,34,12,536,0,0,0,1,7,23
rnad,hunter,35,4,234,0,0,0,1,8,30
rnad,hunter,36,6,344,0,0,0,1,7,31
rnad,hunter,37,6,390,0,0,0,1,7,29
rnad,hunter,38,5,354,0,0,0,1,7,27
rnad,hunter,39,4,464,0,0,0,1,9,32
rnad,hunter,40,7,412,0,0,0,1,7,28
rnad,hunter,41,6,370,0,0,0,1,7,32
rnad,hunter,42,4,230,0,0,0,1,7,29
rnad,hunter,43,4,284,0,0,0,1,8,30
rnad,hunter,44,3,296,0,0,0,1,9,33
rnad,hunter,45,3,266,0,0,0,1,9,30
rnad,hunter,46,7,464,0,0,0,1,6,28
rnad,hunter,47,4,238,0,0,0,1,8,31
rnad,hunter,48,12,716,0,0,0,1,4,24
rnad,hunter,49,7,328,0,0,0,1,7,30
rnad,hunter,50,5,355,0,0,4,96,0,0
rnad,mcts,0,313,310,0,0,0,1,7,27
rnad,mcts,1,218,214,0,0,0,1,7,27
rnad,mcts,2,314,298,0,0,0,1,12,24
rnad,mcts,3,299,288,0,0,0,1,14,26
rnad,mcts,4,360,318,0,0,0,1,21,31
rnad,mcts,5,323,324,0,0,0,1,7,24
rnad,mcts,6,461,488,0,0,0,1,7,24
rnad,mcts,7,506,486,0,0,0,1,11,27
rnad,mcts,8,574,602,0,0,0,1,3,22
rnad,mcts,9,271,258,0,0,0,1,7,24
rnad,mcts,10,1373,1426,0,0,0,1,6,19
rnad,mcts,11,144,132,0,0,0,1,17,31
rnad,mcts,12,462,468,0,0,0,1,9,20
rnad,mcts,13,676,670,0,0,0,1,7,17
rnad,mcts,14,462,448,0,0,0,1,19,18
rnad,mcts,15,716,744,0,0,0,1,8,16
rnad,mcts,16,512,484,0,0,0,1,9,23
rnad,mcts,17,807,828,0,0,0,1,8,21
rnad,mcts,18,310,298,0,0,0,1,12,23
rnad,mcts,19,400,376,0,0,0,1,10,24
rnad,mcts,20,757,794,0,0,0,1,7,22
rnad,mcts,21,533,578,0,0,0,1,7,20
rnad,mcts,22,331,320,0,0,0,1,10,25
rnad,mcts,23,131,124,0,0,0,1,19,30
rnad,mcts,24,305,280,0,0,0,1,14,28
rnad,mcts,25,347,346,0,0,0,1,13,24
rnad,mcts,26,364,344,0,0,0,1,16,23
rnad,mcts,27,423,440,0,0,0,1,7,19
rnad,mcts,28,529,498,0,0,0,1,14,22
rnad,mcts,29,280,274,0,0,0,1,13,27
rnad,mcts,30,433,426,0,0,0,1,8,24
rnad,mcts,31,774,826,0,0,0,1,5,23
rnad,mcts,32,61,54,0,0,0,1,30,36
rnad,mcts,33,452,466,0,0,0,1,6,22
rnad,mcts,34,636,674,0,0,0,1,9,18
rnad,mcts,35,348,346,0,0,0,1,8,25
rnad,mcts,36,691,680,0,0,0,1,11,18
rnad,mcts,37,311,304,0,0,0,1,11,23
rnad,mcts,38,536,528,0,0,0,1,11,22
rnad,mcts,39,469,492,0,0,0,1,7,20
rnad,mcts,40,347,340,0,0,0,1,12,23
rnad,mcts,41,193,176,0,0,0,1,20,31
rnad,mcts,42,144,126,0,0,0,1,23,35
rnad,mcts,43,165,148,0,0,0,1,17,29
rnad,mcts,44,331,340,0,0,0,1,8,24
rnad,mcts,45,441,472,0,0,0,1,7,25
rnad,mcts,46,224,208,0,0,0,1,12,28
rnad,mcts,47,308,314,0,0,0,1,9,25
rnad,mcts,48,455,470,0,0,0,1,5,22
rnad,mcts,49,856,926,0,0,0,1,7,16
rnad,mcts,50,433,435,0,0,0,100,0,0
mcts,custom,0,860,562,632426,46.775,0,1,8,18
mcts,custom,1,567,384,401376,44.085,0,1,3,13
mcts,custom,2,1848,1500,1691042,61.041,0,0,10,20
mcts,custom,3,497,306,328948,42.357,0,1,7,15
mcts,custom,4,886,652,730876,52.516,0,1,6,17
mcts,custom,5,784,606,683271,58.082,0,1,7,14
mcts,custom,6,420,247,272311,42.889,1,0,16,13
mcts,custom,7,717,440,496306,46.23,0,1,7,15
mcts,custom,8,312,174,190506,40.296,0,1,13,21
mcts,custom,9,606,386,373384,42.772,0,1,6,22
mcts,custom,10,623,364,379676,41.914,0,1,6,19
mcts,custom,11,777,536,600589,51.511,0,1,5,15
mcts,custom,12,1659,1500,1712898,81.089,0,0,8,20
mcts,custom,13,626,488,542415,57.292,0,1,7,17
mcts,custom,14,797,494,552809,45.114,0,1,5,21
mcts,custom,15,423,234,257785,38.982,0,1,12,20
mcts,custom,16,978,750,852025,62.331,0,1,7,15
mcts,custom,17,521,322,356621,43.42,0,1,5,17
mcts,custom,18,1068,863,972310,56.075,1,0,5,7
mcts,custom,19,285,156,176994,41.4,0,1,13,25
mcts,custom,20,449,304,333219,48.557,0,1,7,16
mcts,custom,21,769,486,543628,45.924,0,1,6,14
mcts,custom,22,489,317,350772,44.97,1,0,10,10
mcts,custom,23,646,428,471115,49.241,0,1,3,14
mcts,custom,24,727,512,554691,53.586,0,1,3,14
mcts,custom,25,495,286,322209,43.828,0,1,7,16
mcts,custom,26,549,367,400279,48.859,1,0,8,15
mcts,custom,27,626,358,396617,40.078,0,1,9,18
mcts,custom,28,761,442,490910,40.031,0,1,6,18
mcts,custom,29,609,382,413684,43.478,0,1,7,17
mcts,custom,30,630,390,437669,40.828,0,1,6,12
mcts,custom,31,457,288,325057,43.596,0,1,10,12
mcts,custom,32,631,444,483719,53.254,0,1,6,16
mcts,custom,33,745,484,540154,46.452,0,1,7,19
mcts,custom,34,626,357,399643,40.832,1,0,13,14
mcts,custom,35,974,606,656873,45.591,0,1,7,11
mcts,custom,36,505,302,335779,42.117,0,1,8,16
mcts,custom,37,558,376,419495,47.718,0,1,6,9
mcts,custom,38,349,206,231233,40.489,0,1,10,18
mcts,custom,39,647,388,431656,45.129,0,1,6,18
mcts,custom,40,749,488,540464,49.062,0,1,3,19
mcts,custom,41,673,486,544404,53.303,0,1,8,13
mcts,custom,42,524,305,333205,39.83,1,0,10,14
mcts,custom,43,550,336,374100,42.04,0,1,7,17
mcts,custom,44,619,344,390590,37.905,0,1,9,20
mcts,custom,45,517,302,335274,41.422,0,1,7,20
mcts,custom,46,575,394,421470,50.152,0,1,5,20
mcts,custom,47,742,464,488996,46.187,0,1,6,24
mcts,custom,48,382,238,263034,41.566,0,1,4,25
mcts,custom,49,509,302,329488,41.909,0,1,7,17
mcts,custom,50,666,446,0,0,12,84,0,0
mcts,asmodeus,0,351,352,0,0,0,1,6,17
mcts,asmodeus,1,276,267,0,0,1,0,12,10
mcts,asmodeus,2,347,342,0,0,0,1,8,8
mcts,asmodeus,3,290,272,0,0,0,1,13,15
mcts,asmodeus,4,135,121,0,0,1,0,25,20
mcts,asmodeus,5,55,43,0,0,1,0,36,28
mcts,asmodeus,6,358,365,0,0,1,0,10,7
mcts,asmodeus,7,463,475,0,0,1,0,5,8
mcts,asmodeus,8,81,69,0,0,1,0,33,24
mcts,asmodeus,9,39,32,0,0,0,1,31,37
mcts,asmodeus,10,318,301,0,0,1,0,15,14
mcts,asmodeus,11,386,393,0,0,1,0,9,5
mcts,asmodeus,12,280,263,0,0,1,0,19,15
mcts,asmodeus,13,384,399,0,0,1,0,10,8
mcts,asmodeus,14,444,462,0,0,0,1,5,12
mcts,asmodeus,15,116,99,0,0,1,0,26,20
mcts,asmodeus,16,185,171,0,0,1,0,20,18
mcts,asmodeus,17,364,370,0,0,0,1,4,11
mcts,asmodeus,18,449,469,0,0,1,0,8,8
mcts,asmodeus,19,340,360,0,0,0,1,5,15
mcts,asmodeus,20,283,262,0,0,0,1,14,18
mcts,asmodeus,21,378,414,0,0,0,1,2,7
mcts,asmodeus,22,449,486,0,0,0,1,3,11
mcts,asmodeus,23,214,194,0,0,0,1,19,15
mcts,asmodeus,24,279,267,0,0,1,0,17,16
mcts,asmodeus,25,262,263,0,0,1,0,13,8
mcts,asmodeus,26,318,317,0,0,1,0,13,7
mcts,asmodeus,27,171,152,0,0,0,1,21,21
mcts,asmodeus,28,84,69,0,0,1,0,31,26
mcts,asmodeus,29,400,394,0,0,0,1,8,12
mcts,asmodeus,30,375,369,0,0,1,0,14,9
mcts,asmodeus,31,477,494,0,0,0,1,3,12
mcts,asmodeus,32,190,170,0,0,0,1,21,21
mcts,asmodeus,33,346,349,0,0,1,0,11,10
mcts,asmodeus,34,885,1500,0,0,0,0,3,8
mcts,asmodeus,35,432,443,0,0,1,0,9,6
mcts,asmodeus,36,234,208,0,0,0,1,18,23
mcts,asmodeus,37,702,824,0,0,0,1,4,9
mcts,asmodeus,38,285,275,0,0,1,0,24,7
mcts,asmodeus,39,281,263,0,0,1,0,16,17
mcts,asmodeus,40,107,89,0,0,1,0,32,19
mcts,asmodeus,41,371,380,0,0,0,1,9,9
mcts,asmodeus,42,185,163,0,0,1,0,25,18
mcts,asmodeus,43,372,392,0,0,0,1,4,11
mcts,asmodeus,44,230,207,0,0,1,0,18,20
mcts,asmodeus,45,408,445,0,0,1,0,4,7
mcts,asmodeus,46,105,88,0,0,0,1,23,30
mcts,asmodeus,47,276,253,0,0,1,0,14,18
mcts,asmodeus,48,904,1500,0,0,0,0,7,10
mcts,asmodeus,49,653,751,0,0,1,0,8,6
mcts,asmodeus,50,326,352,0,0,56,40,0,0
mcts,hunter,0,371,362,0,0,0,1,7,22
mcts,hunter,1,321,306,0,0,0,1,7,21
mcts,hunter,2,402,383,0,0,1,0,14,16
mcts,hunter,3,372,354,0,0,0,1,8,24
mcts,hunter,4,492,475,0,0,1,0,9,11
mcts,hunter,5,342,344,0,0,0,1,7,28
mcts,hunter,6,273,254,0,0,0,1,7,29
mcts,hunter,7,287,284,0,0,0,1,7,22
mcts,hunter,8,659,685,0,0,1,0,9,14
mcts,hunter,9,138,117,0,0,1,0,26,27
mcts,hunter,10,42,33,0,0,1,0,37,31
mcts,hunter,11,283,270,0,0,0,1,7,24
mcts,hunter,12,107,89,0,0,1,0,30,28
mcts,hunter,13,261,240,0,0,0,1,7,32
mcts,hunter,14,292,282,0,0,0,1,8,19
mcts,hunter,15,344,360,0,0,0,1,7,18
mcts,hunter,16,285,264,0,0,0,1,15,21
mcts,hunter,17,145,127,0,0,1,0,28,21
mcts,hunter,18,1311,1500,0,0,0,0,8,18
mcts,hunter,19,450,468,0,0,0,1,6,19
mcts,hunter,20,294,280,0,0,0,1,7,27
mcts,hunter,21,380,381,0,0,1,0,10,22
mcts,hunter,22,332,312,0,0,0,1,7,26
mcts,hunter,23,306,298,0,0,0,1,9,29
mcts,hunter,24,271,245,0,0,1,0,13,22
mcts,hunter,25,172,148,0,0,0,1,18,29
mcts,hunter,26,400,368,0,0,0,1,14,25
mcts,hunter,27,273,266,0,0,0,1,9,25
mcts,hunter,28,227,206,0,0,0,1,7,30
mcts,hunter,29,713,906,0,0,0,1,6,20
mcts,hunter,30,357,350,0,0,0,1,7,25
mcts,hunter,31,273,248,0,0,0,1,8,25
mcts,hunter,32,335,326,0,0,0,1,7,21
mcts,hunter,33,291,272,0,0,0,1,7,22
mcts,hunter,34,296,276,0,0,0,1,7,20
mcts,hunter,35,359,340,0,0,0,1,7,25
mcts,hunter,36,239,213,0,0,1,0,12,22
mcts,hunter,37,295,278,0,0,0,1,7,28
mcts,hunter,38,264,252,0,0,0,1,7,25
mcts,hunter,39,344,320,0,0,0,1,10,25
mcts,hunter,40,755,813,0,0,1,0,8,8
mcts,hunter,41,352,336,0,0,0,1,7,26
mcts,hunter,42,127,107,0,0,1,0,28,25
mcts,hunter,43,42,33,0,0,1,0,37,34
mcts,hunter,44,468,463,0,0,1,0,8,13
mcts,hunter,45,249,230,0,0,0,1,7,28
mcts,hunter,46,301,296,0,0,0,1,7,19
mcts,hunter,47,212,190,0,0,0,1,12,25
mcts,hunter,48,248,238,0,0,0,1,7,28
mcts,hunter,49,271,243,0,0,1,0,23,20
mcts,hunter,50,332,328,0,0,30,68,0,0
mcts,rnad,0,632,593,0,0,1,0,24,13
mcts,rnad,1,355,311,0,0,1,0,25,19
mcts,rnad,2,297,265,0,0,1,0,28,15
mcts,rnad,3,88,77,0,0,1,0,34,26
mcts,rnad,4,164,139,0,0,1,0,33,18
mcts,rnad,5,345,325,0,0,1,0,25,7
mcts,rnad,6,591,583,0,0,1,0,23,4
mcts,rnad,7,697,713,0,0,1,0,21,7
mcts,rnad,8,595,547,0,0,1,0,25,11
mcts,rnad,9,808,821,0,0,1,0,21,10
mcts,rnad,10,18,15,0,0,1,0,40,35
mcts,rnad,11,456,405,0,0,1,0,30,12
mcts,rnad,12,605,583,0,0,1,0,22,12
mcts,rnad,13,780,793,0,0,1,0,20,7
mcts,rnad,14,551,545,0,0,1,0,19,6
mcts,rnad,15,398,383,0,0,1,0,27,8
mcts,rnad,16,229,201,0,0,1,0,29,19
mcts,rnad,17,500,501,0,0,1,0,21,6
mcts,rnad,18,359,351,0,0,1,0,22,9
mcts,rnad,19,476,445,0,0,1,0,23,13
mcts,rnad,20,482,447,0,0,1,0,26,8
mcts,rnad,21,934,947,0,0,1,0,16,5
mcts,rnad,22,404,363,0,0,1,0,27,18
mcts,rnad,23,430,425,0,0,1,0,21,7
mcts,rnad,24,278,271,0,0,1,0,26,7
mcts,rnad,25,335,315,0,0,1,0,24,7
mcts,rnad,26,272,243,0,0,1,0,30,19
mcts,rnad,27,485,459,0,0,1,0,21,12
mcts,rnad,28,708,707,0,0,1,0,24,7
mcts,rnad,29,322,297,0,0,1,0,28,7
mcts,rnad,30,593,589,0,0,1,0,21,7
mcts,rnad,31,516,495,0,0,1,0,23,5
mcts,rnad,32,590,591,0,0,1,0,19,7
mcts,rnad,33,312,299,0,0,1,0,25,7
mcts,rnad,34,392,359,0,0,1,0,24,13
mcts,rnad,35,271,245,0,0,1,0,26,16
mcts,rnad,36,446,433,0,0,1,0,23,7
mcts,rnad,37,283,249,0,0,1,0,28,16
mcts,rnad,38,355,343,0,0,1,0,27,7
mcts,rnad,39,397,409,0,0,1,0,21,6
mcts,rnad,40,364,319,0,0,1,0,26,15
mcts,rnad,41,562,553,0,0,1,0,19,9
mcts,rnad,42,501,477,0,0,1,0,25,7
mcts,rnad,43,290,259,0,0,1,0,26,19
mcts,rnad,44,65,53,0,0,1,0,34,27
mcts,rnad,45,445,427,0,0,1,0,26,7
mcts,rnad,46,410,391,0,0,1,0,23,7
mcts,rnad,47,302,293,0,0,1,0,24,10
mcts,rnad,48,467,449,0,0,1,0,24,11
mcts,rnad,49,616,595,0,0,1,0,20,11
mcts,rnad,50,435,417,0,0,100,0,0,0
